TWNRNGSEC,avg_d_mbps,avg_u_mbps,avg_lat_ms,cluster_labels
40N02W18,19.708444444444446,1.5571111111111113,60.22222222222222,0
40N02W19,31.219851851851853,4.015037037037037,60.55555555555556,0
40N03W,49.25828608923892,12.611013123359571,44.35958005249344,1
40N03W02,51.946333333333335,8.033333333333333,68.33333333333333,0
40N03W06,88.83982954545456,10.249954545454548,26.011363636363637,1
40N03W07,85.04881333333333,11.076279999999999,29.76,1
40N03W11,50.285374999999995,6.80005357142857,47.767857142857146,0
40N03W12,47.620999999999995,4.880999999999999,51.5,0
40N03W13,59.53359595959598,13.299797979797983,42.24242424242424,1
40N03W14,40.09158878504673,6.084878504672896,47.02803738317757,0
40N03W23,43.728833333333334,10.044033333333337,40.4,0
40N03W24,48.76920863309352,19.860460431654676,42.70503597122302,1
40N04W01,106.12918181818185,8.81090909090909,28.454545454545453,1
40N04W02,33.994499999999995,5.537000000000001,40.5,0
40N04W05,24.914749999999998,4.604916666666667,623.75,2
40N04W08,91.83452631578947,11.414263157894737,29.0,1
40N04W09,61.771266666666655,11.992333333333335,99.4,1
40N04W10,87.55945454545454,11.055545454545454,21.454545454545453,1
40N04W11,50.5984,7.2459999999999996,28.0,0
40N04W12,169.62115625000004,14.284968749999997,24.625,1
40N04W14,45.889655172413796,8.538931034482758,31.448275862068964,0
40N04W15,89.16894230769233,10.225634615384614,28.28846153846154,1
40N04W16,97.42930769230769,12.390153846153844,19.923076923076923,1
40N04W22,53.728411764705875,8.771235294117648,31.705882352941178,0
40N04W23,85.07008333333333,11.316027777777782,25.52777777777778,1
41N01E03,46.86638461538461,5.558061538461538,100.46153846153847,0
41N01E04,36.74874999999999,5.667919354838712,89.99193548387096,0
41N01E05,19.987545454545458,2.5599545454545454,138.1818181818182,0
41N01E06,31.733364705882355,4.053988235294118,130.12941176470588,0
41N01E07,6.2275,3.0245,362.0,2
41N01E08,36.061375,12.452499999999999,305.75,1
41N01E09,54.90766666666667,4.249333333333333,153.41666666666666,0
41N01E10,39.50707894736841,3.1004473684210523,153.55263157894737,0
41N01E11,32.77375,4.124625,367.25,2
41N01E17,45.563,4.5014,339.8,0
41N01E18,86.21925,10.041875000000001,52.75,1
41N01W01,44.162288659793816,5.065536082474227,104.73195876288659,0
41N01W02,15.97875,3.8155,40.0,0
41N01W03,12.417,5.076499999999999,47.5,0
41N01W10,18.5943,2.9812,481.1,2
41N01W11,18.745,4.6428,48.0,0
41N01W12,59.66550000000001,6.395625000000001,133.375,0
41N02E01,252.775,18.544,28.0,1
41N02E02,88.61985714285716,9.558714285714286,61.285714285714285,1
41N02E03,3.098,0.45780000000000004,48.6,0
41N02E04,11.168666666666665,2.015933333333334,244.86666666666667,0
41N02E05,34.46091666666667,6.518125,152.0,0
41N02E06,42.745999999999995,39.52057142857143,206.42857142857142,1
41N02E09,2.7775625,0.40693749999999995,101.0625,0
41N02E10,2.693923076923077,0.4083846153846154,112.6923076923077,0
41N02W02,108.832,7.965,50.0,1
41N02W03,54.8096,5.3558,406.0,2
41N02W10,30.629249999999995,4.173,494.5,2
41N02W11,30.629249999999995,4.173,494.5,2
41N03E05,163.537,10.532666666666666,63.666666666666664,1
41N03E06,163.537,10.532666666666666,63.666666666666664,1
41N03E07,163.537,10.532666666666666,63.666666666666664,1
41N03E08,139.77183333333335,9.375,314.8333333333333,1
41N03E09,41.30022222222223,6.320111111111111,446.0,2
41N03E10,32.462999999999994,5.476222222222223,579.0,2
41N03E11,28.387642857142854,4.993714285714285,476.7857142857143,2
41N03E12,6.257,4.996,594.0,2
41N03E13,34.399,4.678,724.0,2
41N03E14,2.552,4.114,699.0,2
41N03E15,2.552,4.114,699.0,2
41N03W19,94.66882857142856,9.707314285714284,29.571428571428573,1
41N03W30,56.93481818181818,7.244999999999999,26.181818181818183,0
41N03W31,93.84290804597704,10.240206896551722,23.79310344827586,1
41N04E01,6.8802,0.9798,242.4,0
41N04E02,42.02866666666666,7.157666666666667,51.77777777777778,0
41N04E03,36.95422222222222,6.853111111111111,83.44444444444444,0
41N04E05,1.619,0.819,57.0,0
41N04E07,33.940583333333336,4.344916666666667,624.6666666666666,2
41N04E08,7.957000000000001,1.486,251.33333333333334,0
41N04E09,9.373000000000001,2.7735,367.5,2
41N04E10,44.64728571428571,8.601999999999999,90.28571428571429,0
41N04E11,44.544,8.555142857142856,52.857142857142854,0
41N04W04,51.61181818181817,6.705363636363637,427.72727272727275,2
41N04W05,88.64753846153846,9.624999999999998,237.69230769230768,1
41N04W09,47.57600000000001,3.3180000000000005,354.25,0
41N04W10,95.144,8.061,47.0,1
41N04W25,52.8915,5.8785,40.5,0
41N04W27,159.598,12.608,55.0,1
41N04W35,48.363,11.650666666666666,53.833333333333336,1
41N04W36,84.94278260869567,8.485956521739132,28.217391304347824,1
41N05E02,24.493,3.663,36.0,0
41N05E03,10.680499999999999,1.8599999999999999,116.75,0
41N05E04,25.9764,4.726999999999999,104.4,0
41N05E06,8.625250000000001,1.6621249999999999,124.75,0
41N05E07,8.011000000000001,0.9246666666666666,41.0,0
41N05E08,7.037374999999998,0.9506249999999998,35.25,0
41N05E09,15.443125,2.3979999999999997,29.625,0
41N05E14,88.11945454545454,13.382545454545454,44.81818181818182,1
41N05E15,90.07972222222222,10.99427777777778,46.0,1
41N05E16,58.699999999999996,4.871857142857143,39.357142857142854,0
41N05E17,10.912,2.186928571428571,209.57142857142858,0
41N05E21,107.78566666666666,8.265500000000001,52.833333333333336,1
41N05E22,101.70342857142857,10.115238095238096,49.523809523809526,1
41N05E23,98.38866666666667,11.915888888888889,49.111111111111114,1
41N05W01,51.695,5.220000000000001,86.0,0
41N05W02,17.249000000000002,3.766,672.0,2
41N05W03,37.775,4.453166666666667,577.3333333333334,2
41N05W05,11.581,4.920999999999999,685.0,2
41N05W06,15.474666666666666,4.936333333333333,680.0,2
41N05W08,5.824,3.396,678.0,2
41N05W09,8.504000000000001,3.9456666666666664,679.0,2
41N05W15,5.266,5.475,46.0,0
41N05W16,9.565000000000001,5.26,363.5,2
41N05W22,59.21775,8.559999999999999,365.75,0
41N05W23,34.683,4.079,681.0,2
41N05W26,38.1058,4.0282,676.6,2
41N05W27,38.1058,4.0282,676.6,2
41N06E02,37.28,9.266,47.0,0
41N06E03,34.242,4.174125,46.0,0
41N06E04,40.58633333333333,2.0123333333333333,46.666666666666664,0
41N06E05,56.753,7.149,61.0,0
41N06E11,19.496,3.885,54.0,0
41N06E12,47.979,7.594,46.0,0
41N06E13,14.214384615384612,1.9386153846153849,71.76923076923077,0
41N06E14,90.74199999999999,18.5985,45.0,1
41N06E15,90.74199999999999,18.5985,45.0,1
41N06E24,43.42825,4.302825,59.775,0
41N07E18,24.397000000000002,4.112,36.333333333333336,0
41N07E19,61.04018181818182,5.823545454545454,166.0909090909091,0
41N07E22,34.973571428571425,2.5642857142857145,29.857142857142858,0
41N07E26,6.580000000000001,0.794,39.166666666666664,0
41N07E27,25.893,2.0551000000000004,36.8,0
41N07E29,2.692,4.242,41.0,0
42N01E01,30.738142857142858,16.705285714285715,45.714285714285715,1
42N01E02,92.197,6.837,66.0,1
42N01E07,30.108166666666666,3.0948333333333324,47.166666666666664,0
42N01E08,6.838,0.392,39.0,0
42N01E09,7.623666666666668,0.5423333333333332,45.333333333333336,0
42N01E12,36.05,45.363499999999995,45.0,1
42N01E13,1.243,0.407,63.0,0
42N01E16,7.623666666666668,0.5423333333333332,45.333333333333336,0
42N01E17,3.6705,0.6365000000000001,47.5,0
42N01E18,21.310294117647057,2.1996470588235293,73.76470588235294,0
42N01E19,48.08309375000002,5.133218749999999,77.9375,0
42N01E20,0.503,0.881,56.0,0
42N01E21,35.858,9.799,34.0,0
42N01E27,45.139,5.232666666666667,48.333333333333336,0
42N01E28,37.571600000000004,4.5665000000000004,49.0,0
42N01E29,46.869600000000005,6.439699999999999,66.25,0
42N01E30,49.512701754385965,6.286561403508775,60.228070175438596,0
42N01E31,37.25447014925372,5.20723880597015,90.92537313432835,0
42N01E32,38.266161290322565,5.532172043010753,87.72043010752688,0
42N01E33,40.50415044247785,6.47022123893805,68.51327433628319,0
42N01E34,52.2404761904762,7.831761904761903,79.0952380952381,0
42N01W02,29.42125,4.414375,39.25,0
42N01W03,32.65824,5.25824,46.52,0
42N01W04,31.81326,3.8591599999999984,70.1,0
42N01W05,7.081833333333333,1.3230000000000002,114.91666666666667,0
42N01W06,97.13874999999999,10.28975,206.0,1
42N01W07,159.7655,15.834,46.0,1
42N01W09,27.643083333333337,3.2165277777777774,45.19444444444444,0
42N01W10,34.4335,4.817666666666667,52.904761904761905,0
42N01W11,20.443857142857144,3.840214285714285,61.214285714285715,0
42N01W12,51.81233333333333,5.656666666666666,39.666666666666664,0
42N01W13,49.93666666666667,5.891666666666667,58.0,0
42N01W14,2.8569999999999998,0.6699999999999999,109.33333333333333,0
42N01W15,9.327,0.595,62.0,0
42N01W20,42.52911111111112,6.503222222222222,168.55555555555554,0
42N01W21,9.605,1.068,42.0,0
42N01W22,13.533,1.712,42.0,0
42N01W23,4.306,1.353,91.0,0
42N01W24,45.618724137931046,4.8761379310344815,232.0,0
42N01W25,49.91308333333334,10.073229166666666,51.125,1
42N01W26,4.8375,0.6805,55.0,0
42N01W27,36.409818181818174,5.7168636363636365,109.84848484848484,0
42N01W28,25.015969696969695,4.425742424242424,122.63636363636364,0
42N01W29,35.171600000000005,5.1366,110.85,0
42N01W30,12.570500000000001,3.99,604.25,2
42N01W31,34.107,9.781333333333334,44.333333333333336,0
42N01W32,56.36257142857142,9.342428571428572,50.0,1
42N01W34,44.98886486486487,5.623216216216216,61.21621621621622,0
42N01W35,19.069000000000003,3.865500000000001,182.25,0
42N01W36,41.54189583333333,6.833937499999998,55.072916666666664,0
42N02E01,15.967666666666666,1.2696666666666667,629.6666666666666,2
42N02E02,35.2065,4.9545,129.5,0
42N02E03,2.397,0.274,149.0,0
42N02E04,2.397,0.274,149.0,0
42N02E05,1.711,0.5416666666666666,53.0,0
42N02E06,76.66850000000001,7.117,56.0,1
42N02E07,153.263,13.608,55.0,1
42N02E08,78.61066666666667,8.901333333333334,54.0,1
42N02E09,2.397,0.274,149.0,0
42N02E10,2.397,0.274,149.0,0
42N02E11,35.2065,4.9545,129.5,0
42N02E13,63.326,11.716,49.0,1
42N02E31,104.74942857142857,44.623000000000005,35.857142857142854,1
42N02E32,49.53171875000001,14.576812499999997,125.4375,1
42N02W03,123.031,16.723,51.0,1
42N02W07,5.542,2.9475,711.5,2
42N02W10,123.031,16.723,51.0,1
42N02W18,67.21866666666666,5.772333333333333,466.0,2
42N02W19,81.83025,7.49725,363.75,1
42N02W34,19.211,4.149,631.0,2
42N02W35,19.211,4.149,631.0,2
42N03E05,57.047000000000004,13.5,61.0,1
42N03E06,57.047000000000004,13.5,61.0,1
42N03E07,22.287212765957452,2.9700000000000006,52.46808510638298,0
42N03E08,24.695741935483877,2.4474516129032255,51.38709677419355,0
42N03E16,23.695,2.904,48.0,0
42N03E17,28.37126315789474,3.498789473684209,50.78947368421053,0
42N03E18,27.76814705882353,4.828029411764707,51.5,0
42N03E20,9.121,2.980333333333333,614.3333333333334,2
42N03E21,34.81427272727273,13.464545454545453,275.6363636363636,1
42N03E22,40.888999999999996,9.60057142857143,166.71428571428572,0
42N03E23,1.853,1.7750000000000001,408.6666666666667,2
42N03E24,0.937,0.151,70.0,0
42N03E25,34.24783333333333,4.115833333333334,64.5,0
42N03E26,3.7623999999999995,1.4776000000000002,263.6,0
42N03E27,7.1385,0.6921666666666666,70.66666666666667,0
42N03E28,29.389999999999997,17.855000000000004,412.8,1
42N03E29,24.048666666666666,5.809333333333334,621.3333333333334,2
42N03E32,68.478,11.391,69.0,1
42N03E33,68.478,11.391,69.0,1
42N03E34,9.786,0.709,52.0,0
42N03E36,39.72163636363636,9.867090909090908,99.72727272727273,0
42N03W02,21.833,3.669,659.0,2
42N03W03,21.833,3.669,659.0,2
42N03W09,19.37,4.582,676.0,2
42N03W10,4.352,2.4775,662.75,2
42N03W11,80.30077777777778,9.806444444444445,388.77777777777777,1
42N03W14,243.982,24.433,56.0,1
42N03W20,2.4636666666666667,2.0243333333333333,53.666666666666664,0
42N03W21,2.4636666666666667,2.0243333333333333,53.666666666666664,0
42N03W28,2.4636666666666667,2.0243333333333333,53.666666666666664,0
42N03W29,4.371,2.247,190.5,0
42N03W30,10.093,2.915,601.0,2
42N03W31,10.093,2.915,601.0,2
42N03W32,10.093,2.915,601.0,2
42N04E16,16.229,1.2189999999999999,566.7,2
42N04E17,22.318083333333334,1.7489166666666673,77.83333333333333,0
42N04E19,14.673,2.787,679.0,2
42N04E20,26.909500000000005,3.4016428571428574,114.21428571428571,0
42N04E21,26.484863636363638,3.5785909090909085,280.8636363636364,0
42N04E22,28.072000000000003,1.9505,49.0,0
42N04E24,4.706,1.003,39.0,0
42N04E25,73.72161538461539,10.196153846153845,47.07692307692308,1
42N04E26,31.841466666666665,6.484266666666667,88.4,0
42N04E27,32.104499999999994,3.85925,103.41666666666667,0
42N04E30,26.680999999999997,3.22,58.75,0
42N04E31,42.17405882352941,7.725,47.8235294117647,0
42N04E34,26.081344827586207,3.644827586206897,106.3103448275862,0
42N04E35,26.07870833333334,4.026645833333333,85.95833333333333,0
42N04E36,29.6683888888889,3.8957222222222225,35.5,0
42N04W29,85.1175,7.273750000000001,57.4375,1
42N04W30,76.423,7.734249999999999,221.0,1
42N04W31,72.03845454545454,6.795090909090908,338.72727272727275,0
42N04W32,88.54052941176472,9.15161764705882,68.82352941176471,1
42N04W33,27.585,2.853,621.0,2
42N05E03,48.72385714285714,13.215571428571426,50.57142857142857,1
42N05E06,46.627,17.122,39.0,1
42N05E10,48.72385714285714,13.215571428571426,50.57142857142857,1
42N05E11,41.448,2.445,813.0,2
42N05E12,13.754000000000001,1.387,475.5,2
42N05E13,14.416500000000001,1.76425,290.75,0
42N05E16,93.007,24.994,47.0,1
42N05E19,62.54199999999999,6.383,84.0,0
42N05E20,37.18238461538462,19.60323076923076,120.96153846153847,1
42N05E21,47.733666666666664,67.678,34.666666666666664,1
42N05E22,44.964,44.33975,35.75,1
42N05E23,44.60483333333334,7.484000000000001,180.125,0
42N05E24,22.301958762886603,2.939721649484535,58.48453608247423,0
42N05E25,16.75426530612245,4.644163265306123,71.85714285714286,0
42N05E26,48.49206451612903,9.539354838709677,83.58064516129032,0
42N05E27,25.670777777777783,11.517555555555553,120.0,0
42N05E28,24.61939285714286,4.5971071428571415,65.03571428571429,0
42N05E29,25.187,3.841827586206898,112.72413793103448,0
42N05E30,73.3245882352941,10.137705882352941,65.11764705882354,1
42N05E31,10.861749999999999,1.618083333333333,36.833333333333336,0
42N05E32,23.699611111111107,3.0784305555555553,40.388888888888886,0
42N05E33,19.152366666666673,2.6358499999999982,50.483333333333334,0
42N05E34,7.400999999999999,1.2708333333333335,132.375,0
42N05E35,38.52166666666667,6.1723333333333334,54.0,0
42N05E36,18.722619047619045,4.785190476190476,74.19047619047619,0
42N05W07,28.228,12.29,17.0,0
42N05W25,42.039,4.108,736.0,2
42N05W26,21.1048,3.1287999999999996,655.6,2
42N05W29,15.134,4.27,713.0,2
42N05W30,15.134,4.27,713.0,2
42N05W31,96.3442857142857,8.486142857142857,328.0,1
42N05W32,158.96949999999998,11.2425,56.0,1
42N05W34,183.086,19.318,54.0,1
42N05W35,16.144,3.8075,680.0,2
42N05W36,78.28810714285714,7.915357142857144,299.67857142857144,1
42N06E03,145.94279999999998,10.8188,53.0,1
42N06E07,6.498571428571429,0.8745714285714286,37.142857142857146,0
42N06E08,9.616333333333333,1.2738333333333332,40.916666666666664,0
42N06E09,11.145857142857142,2.4114285714285715,38.714285714285715,0
42N06E10,52.85883333333333,4.8405,47.75,0
42N06E15,21.115916666666664,3.278416666666667,94.66666666666667,0
42N06E16,35.866608695652175,40.09715217391306,63.93478260869565,1
42N06E17,34.914657894736834,4.429815789473685,69.8157894736842,0
42N06E18,35.63727272727273,2.938272727272728,45.36363636363637,0
42N06E19,21.623785714285724,3.3213214285714288,36.392857142857146,0
42N06E20,4.033666666666666,1.188,35.0,0
42N06E22,36.037499999999994,3.716,169.75,0
42N06E28,6.482,1.097,17.0,0
42N06E29,6.482,1.097,17.0,0
42N06E30,14.737837209302322,3.727069767441861,48.41860465116279,0
42N06E31,24.30082926829268,5.360219512195122,55.24390243902439,0
42N06E32,92.00945454545453,12.745454545454548,48.90909090909091,1
42N06E33,63.47531578947368,8.630684210526317,46.94736842105263,1
42N06E34,10.312,1.116,37.0,0
42N06W15,18.442,3.7590000000000003,698.6666666666666,2
42N06W22,56.015750000000004,6.30525,235.25,0
42N06W25,6.67775,2.9764999999999997,495.25,2
42N06W26,8.953666666666667,2.808666666666667,447.6666666666667,2
42N07W03,64.5773,9.0393,87.7,1
42N07W04,0.1855,0.16949999999999998,187.0,0
42N07W06,9.468,3.65,62.5,0
42N07W10,75.44883333333333,11.70725,59.083333333333336,1
42N07W11,0.102,0.098,49.0,0
42N08W01,17.791999999999998,4.0685,58.5,0
42N08W02,40.06822222222221,7.306555555555556,259.1111111111111,0
42N10W04,26.97142857142857,3.5937142857142854,411.2857142857143,2
42N10W05,73.79249999999999,5.761,62.0,0
42N10W08,72.208,3.388,52.0,0
42N10W09,72.208,3.388,52.0,0
42N11W04,3.068,1.704,54.0,0
42N11W05,3.068,1.704,54.0,0
42N11W08,3.068,1.704,54.0,0
42N11W09,32.7705,11.996500000000001,60.5,0
42N11W16,40.123999999999995,12.540500000000002,46.5,1
42N11W21,17.775,2.792,26.0,0
42N12W03,40.2695,4.3105,665.0,2
42N12W28,13.532,1.014,42.0,0
43N01E01,22.54842857142857,1.2504285714285714,56.714285714285715,0
43N01E02,33.91654545454546,2.758272727272727,53.81818181818182,0
43N01E04,6.723599999999999,0.7614,56.2,0
43N01E06,54.20335897435898,8.622807692307697,43.14102564102564,0
43N01E08,185.812,15.534,46.0,1
43N01E09,0.291,2.867,634.0,2
43N01E11,3.6010000000000004,0.445,69.33333333333333,0
43N01E12,56.95708333333332,5.37225,60.0,0
43N01E13,47.209333333333326,3.0926666666666662,59.333333333333336,0
43N01E16,0.291,2.867,634.0,2
43N01E17,185.812,15.534,46.0,1
43N01E19,7.8134999999999994,0.47,54.5,0
43N01E22,50.809999999999995,6.107000000000001,338.75,0
43N01E27,50.809999999999995,6.107000000000001,338.75,0
43N01E30,80.027375,6.102,49.625,1
43N01E31,70.79672727272727,6.913181818181817,57.0,1
43N01E36,22.063,7.473,38.0,0
43N01W01,48.167820000000034,6.814720000000005,44.66,0
43N01W02,45.13933333333333,5.53875,67.33333333333333,0
43N01W03,2.603,0.472,357.0,2
43N01W05,0.883,0.437,25.0,0
43N01W06,0.883,0.437,25.0,0
43N01W09,9.353,4.027,617.0,2
43N01W11,62.813571428571436,7.677428571428571,153.28571428571428,0
43N01W12,0.857,0.305,561.0,2
43N01W13,24.2305,0.877,312.5,0
43N01W14,24.2305,0.877,312.5,0
43N01W16,9.353,4.027,617.0,2
43N01W19,20.194,2.458,139.0,0
43N01W24,7.234200000000001,0.6083000000000001,53.7,0
43N01W25,65.20858823529412,6.805588235294117,52.38235294117647,0
43N01W26,58.66673333333334,9.9764,50.53333333333333,1
43N01W27,82.428,18.145333333333333,46.333333333333336,1
43N01W28,64.70899999999999,6.2768,57.0,0
43N01W29,32.32,4.033,56.0,0
43N01W32,1.75,0.46449999999999997,139.5,0
43N01W33,59.62460000000001,6.820400000000001,107.4,0
43N01W34,50.1115,15.743333333333334,45.0,1
43N01W35,77.90870000000001,14.4666,44.8,1
43N01W36,65.4906,6.942066666666666,56.63333333333333,0
43N02E06,4.184,0.565,43.0,0
43N02E19,22.73675,1.8732499999999999,39.0,0
43N02E29,8.871,0.867,51.0,0
43N02E30,19.9636,1.672,41.4,0
43N02E31,1.9598,0.3903,94.2,0
43N02E32,3.7293333333333334,0.582,51.333333333333336,0
43N02E36,15.967666666666666,1.2696666666666667,629.6666666666666,2
43N02W06,0.297,0.334,73.0,0
43N02W11,90.1115,14.0275,53.0,1
43N02W14,90.1115,14.0275,53.0,1
43N02W23,21.32,3.547,666.0,2
43N02W24,20.194,2.458,139.0,0
43N03E04,3.289,3.964,758.0,2
43N03E05,20.38028125,1.7616562500000001,141.09375,0
43N03E07,11.851,5.111,598.0,2
43N03E08,30.919666666666668,3.905,228.66666666666666,0
43N03E09,3.289,3.964,758.0,2
43N03E11,2.752,3.251,203.0,0
43N03E14,31.972,3.2925000000000004,695.0,2
43N03E15,25.776,2.6620000000000004,594.6,2
43N03E16,40.245000000000005,5.433000000000001,115.5,0
43N03E17,20.680500000000002,1.2645,44.0,0
43N03E18,20.680500000000002,1.2645,44.0,0
43N03E21,19.75264285714286,2.648142857142857,237.92857142857142,0
43N03E23,66.136,9.388,57.0,1
43N03E26,64.941,10.247,60.0,1
43N03E28,6.317666666666667,1.1486666666666665,468.6666666666667,2
43N03E29,6.342499999999999,0.9430000000000001,374.5,2
43N03E31,3.486,0.403,202.0,0
43N03E32,3.486,0.403,202.0,0
43N03E35,64.941,10.247,60.0,1
43N03W01,4.3503750000000005,0.7205,64.75,0
43N03W27,84.469,12.787,41.0,1
43N04W10,11.369,2.779,761.0,2
43N05E28,7.618,2.939,71.0,0
43N05W28,15.553,4.718,677.0,2
43N05W30,193.725,13.933,69.0,1
43N06E23,17.564,3.897,637.0,2
43N06E24,17.564,3.897,637.0,2
43N06E25,17.564,3.897,637.0,2
43N06E26,17.564,3.897,637.0,2
43N06E30,36.457,1.747,853.0,2
43N06E33,111.294,15.783,52.0,1
43N07W06,0.209,0.198,132.0,0
43N07W08,48.290499999999994,3.432,675.0,2
43N07W09,39.818666666666665,2.449333333333333,661.6666666666666,2
43N08W01,0.209,0.198,132.0,0
43N08W04,3.3349999999999995,0.7373333333333334,29.0,0
43N08W05,3.3349999999999995,0.7373333333333334,29.0,0
43N08W19,98.82059999999998,12.1036,57.2,1
43N08W29,110.79199999999999,13.955833333333333,82.5,1
43N08W30,100.50894117647057,12.039117647058825,88.29411764705883,1
43N08W33,31.764,6.717499999999999,70.0,0
43N08W34,2.555,0.37,85.0,0
43N08W35,49.52057142857142,8.67957142857143,316.2857142857143,0
43N09W01,5.255000000000001,1.8094999999999999,383.0,2
43N09W02,5.102,2.109,741.0,2
43N09W11,5.102,2.109,741.0,2
43N09W12,5.102,2.109,741.0,2
43N09W18,2.42,0.4125,51.0,0
43N09W19,62.5418888888889,6.869666666666667,108.11111111111111,0
43N09W21,22.957,2.463,45.5,0
43N09W22,25.111,4.064666666666667,193.5,0
43N09W24,98.82059999999998,12.1036,57.2,1
43N09W25,81.98222222222222,10.27688888888889,126.44444444444444,1
43N09W27,24.705599999999997,4.6044,215.0,0
43N09W28,56.7257,7.820859999999997,56.34,0
43N09W29,42.40972413793105,7.83351724137931,41.86206896551724,0
43N09W30,39.28713043478262,7.252869565217392,66.21739130434783,0
43N09W33,132.12,15.088,40.0,1
43N09W36,16.476,5.034,678.0,2
43N10W01,47.13911538461538,6.158557692307692,38.23076923076923,0
43N10W02,5.334,4.155,39.0,0
43N10W03,91.241,8.893,49.0,1
43N10W04,27.547250000000002,21.923375,48.625,1
43N10W07,229.907,12.03,47.0,1
43N10W09,2.432,0.3947142857142857,63.285714285714285,0
43N10W10,2.8655,0.4305,209.5,0
43N10W11,77.00427777777777,10.49397222222222,46.80555555555556,1
43N10W12,59.13376666666667,8.239166666666668,37.96666666666667,0
43N10W13,2.42,0.4125,51.0,0
43N10W14,17.1415,2.245,49.0,0
43N10W15,26.0555,2.6,81.0,0
43N10W16,65.469075,8.033525000000001,46.15,1
43N10W17,71.37120000000002,8.344774999999998,118.55,1
43N10W19,165.718,25.318,46.0,1
43N10W20,83.44125,9.698799999999997,41.85,1
43N10W21,62.47684615384616,8.379538461538461,45.07692307692308,1
43N10W22,36.65275,4.8865,41.0,0
43N10W23,15.2875,2.094,28.75,0
43N10W24,46.22250000000001,5.0943000000000005,34.7,0
43N10W25,60.855818181818194,9.023227272727274,37.31818181818182,1
43N10W26,35.53720833333334,5.724916666666666,43.791666666666664,0
43N10W27,8.391,5.912,68.0,0
43N10W33,8.243,2.7268,551.0,2
43N10W34,2.666,0.445,48.0,0
43N10W35,25.437571428571427,3.6209999999999996,48.285714285714285,0
43N11W07,9.279,5.048,598.0,2
43N11W18,9.766,2.148,611.0,2
43N11W20,81.1176,6.464999999999999,436.8,2
43N11W21,81.1176,6.464999999999999,436.8,2
43N11W24,165.718,25.318,46.0,1
43N11W28,44.748642857142855,4.5725,188.42857142857142,0
43N11W29,71.374375,7.488999999999999,293.875,1
43N12W01,14.565400000000002,3.7306,713.2,2
43N12W02,20.634625,4.6046249999999995,642.0,2
43N12W03,21.381,7.480222222222222,576.5555555555555,2
43N12W10,194.65766666666664,9.855666666666666,62.0,1
43N12W12,9.279,5.048,598.0,2
43N12W13,9.766,2.148,611.0,2
43N12W14,75.467,8.409,47.0,1
43N12W15,224.73139999999998,11.9406,58.4,1
43N12W16,21.408,2.021,14.0,0
43N12W17,21.408,2.021,14.0,0
43N12W21,24.362499999999997,2.80925,659.75,2
43N12W23,40.406,5.12,129.0,0
43N12W24,153.77125,15.39575,56.375,1
43N12W25,153.77125,15.39575,56.375,1
43N12W26,34.8735,3.2815,197.0,0
43N12W28,18.825499999999998,2.2390999999999996,625.9,2
43N12W29,107.108,12.583499999999999,413.5,1
43N12W34,2.72,3.716,698.0,2
43N12W35,5.357,0.354,53.0,0
43N12W36,5.357,0.354,53.0,0
44N01E03,41.91,3.351,730.0,2
44N01E06,47.27358333333334,3.0247500000000005,60.166666666666664,0
44N01E07,15.34976923076923,2.282230769230769,63.30769230769231,0
44N01E10,35.04644444444445,2.9983333333333335,475.22222222222223,2
44N01E15,24.45063157894737,1.9146842105263149,197.89473684210526,0
44N01E16,22.044666666666668,1.207,37.333333333333336,0
44N01E17,15.744799999999998,3.189,48.6,0
44N01E18,16.081899999999997,2.6144,58.1,0
44N01E19,25.509736842105262,3.719210526315789,193.3684210526316,0
44N01E20,9.533727272727273,1.8123636363636366,61.09090909090909,0
44N01E21,24.108000000000004,3.57576923076923,62.38461538461539,0
44N01E22,34.206500000000005,6.3525,53.666666666666664,0
44N01E27,16.569523809523808,3.5943809523809525,113.33333333333333,0
44N01E28,16.72685185185185,3.0833333333333326,104.07407407407408,0
44N01E29,8.411499999999998,1.037,128.2,0
44N01E30,22.731,4.5251,105.1,0
44N01E31,43.62527710843372,7.886421686746988,45.54216867469879,0
44N01E32,15.373999999999999,2.074,372.5,2
44N01E33,6.723599999999999,0.7614,56.2,0
44N01E35,6.658833333333334,0.4818333333333334,53.166666666666664,0
44N01E36,5.566666666666666,0.523,50.666666666666664,0
44N01W01,33.7028888888889,1.9325000000000006,71.61111111111111,0
44N01W02,15.574333333333334,4.581333333333333,300.3333333333333,0
44N01W10,114.401,11.313,19.0,1
44N01W11,14.458466666666668,1.665,260.0,0
44N01W12,24.113605263157893,2.7402631578947365,139.55263157894737,0
44N01W13,44.38504255319148,4.709319148936169,119.70212765957447,0
44N01W14,14.458466666666668,1.665,260.0,0
44N01W19,45.081888888888884,5.145444444444445,195.55555555555554,0
44N01W23,40.869,31.217,74.0,1
44N01W24,32.49091666666667,4.221541666666666,217.91666666666666,0
44N01W25,48.16142857142857,7.447571428571429,79.14285714285714,0
44N01W26,40.869,31.217,74.0,1
44N01W29,115.804,19.219,43.0,1
44N01W30,40.99285714285714,7.051285714285714,366.7142857142857,0
44N01W31,22.0895,20.86025,35.25,1
44N01W32,22.0895,20.86025,35.25,1
44N01W34,7.487500000000001,2.0527499999999996,196.5,0
44N01W35,15.94725,2.536875,46.0,0
44N01W36,38.58159405940595,6.549613861386136,54.336633663366335,0
44N02E01,9.796,7.664,62.0,0
44N02E02,115.006,25.715,39.0,1
44N02E03,37.001,8.637,60.0,0
44N02E04,74.67132352941177,8.219529411764706,218.2058823529412,1
44N02E10,45.937,6.64,39.0,0
44N02E25,22.4174,1.6391333333333333,51.46666666666667,0
44N02E26,0.639,0.307,195.0,0
44N02E28,0.6073333333333334,0.152,197.0,0
44N02E31,7.044499999999999,2.1845,389.5,2
44N02E33,2.7143333333333337,0.161,141.33333333333334,0
44N02E36,23.9032,2.0792,42.6,0
44N02W04,48.132857142857155,5.863142857142856,159.57142857142858,0
44N02W05,52.35014814814816,6.877333333333333,107.37037037037037,0
44N02W06,81.58084090909091,8.399568181818182,56.04545454545455,1
44N02W07,130.85993617021273,12.83195744680851,24.48936170212766,1
44N02W08,114.99831034482757,13.725206896551722,54.86206896551724,1
44N02W09,9.434,0.641,814.0,2
44N02W18,33.083999999999996,0.6882142857142857,63.142857142857146,0
44N02W19,192.545,0.678,36.0,1
44N02W20,26.4495,5.033250000000001,61.0,0
44N02W23,91.8215,11.226500000000001,62.5,1
44N02W24,45.081888888888884,5.145444444444445,195.55555555555554,0
44N02W25,28.52433333333333,5.023333333333333,420.6666666666667,2
44N02W27,24.9621875,1.5046874999999997,66.0625,0
44N02W28,28.39907142857143,1.652785714285714,67.78571428571429,0
44N02W29,34.443666666666665,6.496666666666667,62.0,0
44N02W30,7.3812,0.6364,53.2,0
44N02W31,3.7739999999999996,0.578,51.0,0
44N02W32,0.815,0.446,41.666666666666664,0
44N02W33,28.39907142857143,1.652785714285714,67.78571428571429,0
44N02W34,24.9621875,1.5046874999999997,66.0625,0
44N03E31,13.316666666666668,10.713333333333333,66.0,0
44N03W05,3.6845,0.3205,405.5,2
44N03W06,3.6845,0.3205,405.5,2
44N03W07,7.0969999999999995,0.5599999999999999,376.5,2
44N03W08,6.429333333333333,0.5033333333333333,275.6666666666667,0
44N03W09,5.094,0.39,74.0,0
44N03W10,7.979,13.81,53.0,0
44N03W11,38.57125,14.009,53.0,1
44N03W14,38.57125,14.009,53.0,1
44N03W15,7.979,13.81,53.0,0
44N03W16,8.781799999999999,0.623,65.0,0
44N03W17,12.109625,1.55375,57.875,0
44N03W18,106.11920000000002,8.13924,101.28,1
44N03W19,14.031500000000001,1.6815,486.5,2
44N03W20,27.731,3.229,43.0,0
44N03W22,32.999500000000005,5.227666666666667,337.8333333333333,0
44N03W23,30.144000000000002,4.9672857142857145,295.85714285714283,0
44N03W25,7.6725,0.6112500000000001,50.5,0
44N03W26,37.0052,5.5040000000000004,396.0,2
44N03W27,37.0052,5.5040000000000004,396.0,2
44N03W36,9.421,1.016,52.333333333333336,0
44N04W13,118.18236363636366,8.825727272727272,108.81818181818181,1
44N04W20,7.802,4.06,636.0,2
44N05W22,9.902,4.457,599.0,2
44N05W27,13.132,3.1903333333333332,596.0,2
44N05W33,6.144500000000001,3.832,635.5,2
44N05W34,19.592,0.657,590.0,2
44N06W09,17.696,6.481222222222223,78.22222222222223,0
44N06W14,5.446,4.987,65.0,0
44N06W16,11.196000000000002,2.3002000000000002,84.0,0
44N06W20,124.91333333333331,16.652333333333335,265.6666666666667,1
44N06W21,115.65466666666664,17.135,272.3333333333333,1
44N06W22,90.04785714285717,13.015607142857144,113.35714285714286,1
44N06W23,50.59740740740741,8.701444444444444,360.55555555555554,0
44N06W24,13.0678,3.778,630.0,2
44N06W26,93.9389090909091,12.838090909090909,252.36363636363637,1
44N06W27,71.77742424242427,9.924424242424243,209.84848484848484,1
44N06W28,113.02866666666665,17.891000000000002,48.666666666666664,1
44N06W29,115.00166666666665,16.326333333333334,277.3333333333333,1
44N06W31,0.345,0.594,44.0,0
44N06W34,28.01691666666667,5.345333333333333,588.6666666666666,2
44N06W35,57.03666666666667,7.613666666666666,439.6666666666667,2
44N06W36,84.5895,9.9065,356.0,1
44N07W31,4.049333333333333,1.058166666666667,40.22222222222222,0
44N08W32,3.3349999999999995,0.7373333333333334,29.0,0
44N08W33,3.3349999999999995,0.7373333333333334,29.0,0
44N08W35,5.758,1.808,33.0,0
44N08W36,4.049333333333333,1.058166666666667,40.22222222222222,0
44N09W17,9.689,0.249,40.0,0
44N09W36,5.408,1.51,25.0,0
44N10W08,34.037800000000004,4.6436,91.6,0
44N10W09,49.965,5.787,55.0,0
44N10W12,57.915,8.873,31.0,1
44N10W16,28.493000000000002,4.606,48.5,0
44N10W17,24.073545454545457,4.9363636363636365,120.81818181818181,0
44N10W18,67.098,7.2707999999999995,536.0,2
44N10W20,22.027,4.006,245.33333333333334,0
44N10W21,19.523666666666667,4.405,45.0,0
44N10W22,12.925,4.921,48.0,0
44N10W27,50.56,8.856,34.0,0
44N10W28,44.5925,6.8625,39.5,0
44N10W29,38.625,4.869,45.0,0
44N10W32,29.928,3.904,715.0,2
44N10W33,29.928,3.904,715.0,2
44N10W36,18.886444444444443,2.951555555555556,41.44444444444444,0
44N11W03,15.8745,2.5305,40.5,0
44N11W04,21.608500000000003,4.490166666666667,40.166666666666664,0
44N11W05,47.20866666666666,8.738166666666666,151.83333333333334,0
44N11W06,42.48128571428572,9.378285714285713,268.5,0
44N11W07,50.89677272727271,9.723545454545453,333.0,0
44N11W08,25.24075,3.23,42.5,0
44N11W09,24.292,2.9166666666666665,43.0,0
44N11W10,6.38,0.781,40.0,0
44N11W13,50.357,4.111,658.0,2
44N11W17,57.549499999999995,7.178875,40.75,0
44N11W18,41.36823636363638,6.679818181818179,53.50909090909091,0
44N11W19,65.64205555555556,24.431166666666666,39.44444444444444,1
44N11W20,38.2,6.574,36.8,0
44N11W23,163.21,12.561,45.0,1
44N11W24,163.21,12.561,45.0,1
44N11W27,14.716,1.641,36.0,0
44N11W30,58.80584615384615,5.969769230769231,85.53846153846153,0
44N12W01,104.35709090909091,10.544636363636364,168.0,1
44N12W02,126.3505,13.236857142857144,189.0,1
44N12W03,1.621,3.807,685.0,2
44N12W04,12.17,3.955,58.0,0
44N12W05,58.077714285714286,12.13942857142857,142.71428571428572,1
44N12W06,119.9837142857143,14.450714285714284,53.857142857142854,1
44N12W07,7.119999999999999,3.9545,699.5,2
44N12W08,57.77460000000001,7.212599999999999,410.4,2
44N12W09,31.916,3.5985624999999994,195.625,0
44N12W10,25.98664285714286,3.1955714285714287,157.92857142857142,0
44N12W11,33.88528947368421,4.786578947368421,38.473684210526315,0
44N12W12,36.89404000000001,4.98392,67.56,0
44N12W13,36.72093055555555,4.363097222222223,59.236111111111114,0
44N12W14,15.919800000000004,1.7767,92.5,0
44N12W15,47.797,7.5184999999999995,103.95833333333333,0
44N12W16,35.763999999999996,4.024285714285715,173.42857142857142,0
44N12W17,81.96050000000001,7.372999999999999,199.75,1
44N12W18,7.3885,3.2074999999999996,692.5,2
44N12W19,40.831,3.944,617.0,2
44N12W20,40.831,3.944,617.0,2
44N12W22,64.593,8.288294117647057,128.05882352941177,1
44N12W23,49.20760975609757,6.750000000000002,42.048780487804876,0
44N12W24,78.2278,12.706314285714285,54.91428571428571,1
44N12W25,62.262,7.006928571428575,133.07142857142858,0
44N12W26,52.316274193548395,6.665112903225804,44.70967741935484,0
44N12W27,87.0972857142857,9.460857142857142,38.142857142857146,1
44N12W36,13.580812500000002,3.59375,888.8125,2
45N01E01,33.2696,4.5402000000000005,625.2,2
45N01E02,9.104,6.390000000000001,63.0,0
45N01E03,31.046,5.609222222222222,50.111111111111114,0
45N01E04,21.836333333333332,2.802,280.0,0
45N01E05,99.11899999999999,10.143444444444443,129.66666666666666,1
45N01E06,129.414,11.351999999999999,54.166666666666664,1
45N01E07,3.9330000000000003,3.706,676.5,2
45N01E10,88.34270000000001,9.882200000000001,176.8,1
45N01E11,81.44500000000001,11.046928571428575,164.5,1
45N01E12,68.16584615384615,8.52646153846154,227.84615384615384,1
45N01E13,88.91700000000002,9.756499999999999,171.66666666666666,1
45N01E14,82.14500000000001,11.308499999999999,250.5,1
45N01E15,80.74900000000002,9.164666666666669,252.22222222222223,1
45N01E16,45.62157142857143,7.747571428571428,138.85714285714286,0
45N01E17,90.83,10.148833333333332,62.833333333333336,1
45N01E18,34.13542105263158,4.285052631578947,120.3157894736842,0
45N01E19,33.2458,3.791499999999999,54.9,0
45N01E20,84.28257142857144,11.622714285714284,60.142857142857146,1
45N01E21,2.315,0.177,71.0,0
45N01E22,97.93,10.676,51.0,1
45N01E24,33.212,3.909,713.0,2
45N01E26,72.9672,5.4117999999999995,49.4,0
45N01E27,72.9672,5.4117999999999995,49.4,0
45N01E28,32.74125,10.226500000000001,52.75,0
45N01E30,6.275499999999999,0.5155,161.0,0
45N01E31,112.658,4.406000000000001,45.0,1
45N01E33,15.184,2.745,50.0,0
45N01E34,72.9672,5.4117999999999995,49.4,0
45N01E35,72.9672,5.4117999999999995,49.4,0
45N01W01,17.708,3.834,820.0,2
45N01W02,17.708,3.834,820.0,2
45N01W03,0.578,4.798,21.0,0
45N01W04,16.394818181818184,5.247727272727274,460.45454545454544,2
45N01W05,17.37872727272727,5.221636363636365,520.0,2
45N01W06,56.253,9.405,84.0,1
45N01W07,43.361999999999995,7.666333333333333,280.0,0
45N01W08,30.717333333333332,6.156999999999999,191.16666666666666,0
45N01W09,0.578,4.798,21.0,0
45N01W10,0.578,4.798,21.0,0
45N01W12,3.9330000000000003,3.706,676.5,2
45N01W13,12.0265,1.7946153846153847,104.46153846153847,0
45N01W14,9.911,0.647,35.0,0
45N01W20,141.9550724637681,12.63460869565217,25.391304347826086,1
45N01W21,126.04070370370371,12.316074074074075,34.148148148148145,1
45N01W24,12.95459090909091,1.7251818181818186,58.77272727272727,0
45N01W25,33.554840000000006,6.9484,43.4,0
45N01W27,165.38359999999997,12.391900000000001,22.5,1
45N01W28,127.46552727272727,12.6594,24.963636363636365,1
45N01W29,133.5628985507246,13.284333333333336,26.753623188405797,1
45N01W30,130.43232432432436,12.272135135135134,23.135135135135137,1
45N01W31,73.62255555555556,9.760444444444445,23.333333333333332,1
45N01W32,237.76549999999995,15.068,19.375,1
45N01W33,151.81647368421048,12.865263157894738,31.94736842105263,1
45N01W34,123.47747368421054,11.643315789473684,45.63157894736842,1
45N01W35,39.876000000000005,5.31909090909091,142.3181818181818,0
45N01W36,44.465620689655175,6.597724137931036,43.62068965517241,0
45N02E01,48.155375,9.46975,130.25,0
45N02E02,48.484,10.876,50.0,1
45N02E05,58.917,8.253,46.0,0
45N02E06,15.7695,3.6435000000000004,689.5,2
45N02E07,87.69063636363636,11.70281818181818,61.72727272727273,1
45N02E08,105.106,22.853,57.0,1
45N02E11,48.484,10.876,50.0,1
45N02E12,80.82575,13.23575,49.0,1
45N02E13,97.564,9.167,39.0,1
45N02E14,93.767,14.453,38.0,1
45N02E15,38.275999999999996,7.442,120.0,0
45N02E16,38.275999999999996,7.442,120.0,0
45N02E17,81.5684,13.5946,233.4,1
45N02E18,101.83506451612901,12.46512903225806,110.61290322580645,1
45N02E19,99.41129032258063,13.97741935483871,100.41935483870968,1
45N02E20,81.3725,12.048791666666668,242.08333333333334,1
45N02E21,38.275999999999996,7.442,120.0,0
45N02E22,38.275999999999996,7.442,120.0,0
45N02E23,155.74,23.613,51.0,1
45N02E24,91.51,8.538,41.0,1
45N02E25,7.786,2.906,601.0,2
45N02E26,4.501,2.888,750.0,2
45N02E27,3.236,3.396,777.0,2
45N02E28,10.424874999999998,5.6585,565.5,2
45N02E29,32.654399999999995,10.700999999999999,200.8,0
45N02E33,37.72760317460316,5.793682539682539,405.2857142857143,2
45N02E34,40.40722222222222,6.052888888888889,520.2222222222222,2
45N02E35,59.7535,14.3015,394.5,1
45N02E36,9.796,7.664,62.0,0
45N02W06,2.801,0.413,57.0,0
45N02W07,2.801,0.413,57.0,0
45N02W15,11.751,4.774,597.0,2
45N02W17,13.873333333333333,1.474,46.666666666666664,0
45N02W18,12.648769230769231,0.9763846153846152,167.30769230769232,0
45N02W19,9.806375,0.592375,245.0,0
45N02W20,16.893,1.976,49.5,0
45N02W23,56.634249999999994,9.175374999999999,69.21875,1
45N02W24,211.00449999999998,27.724000000000004,26.0,1
45N02W25,143.23555102040814,15.0895918367347,27.20408163265306,1
45N02W26,83.22860869565217,11.443086956521741,25.91304347826087,1
45N02W27,79.70566666666667,7.115666666666667,260.5,1
45N02W28,1.295,1.28,685.0,2
45N02W29,7.140000000000001,0.536,56.0,0
45N02W30,7.140000000000001,0.536,56.0,0
45N02W31,17.41611111111111,1.8758888888888892,70.88888888888889,0
45N02W32,23.459499999999995,2.5355000000000003,52.166666666666664,0
45N02W33,139.853,18.644,50.0,1
45N02W34,118.911,10.0335,48.25,1
45N02W35,118.911,10.0335,48.25,1
45N02W36,188.63600000000002,11.797,25.5,1
45N03E30,62.51733333333333,9.635,486.6666666666667,2
45N03E31,73.633,12.435,400.5,1
45N03W11,86.986,8.19225,54.75,1
45N03W13,10.1372,0.5444,365.0,2
45N03W24,10.1372,0.5444,365.0,2
45N03W31,3.04,0.341,112.0,0
45N03W32,3.04,0.341,112.0,0
45N03W36,5.878,0.354,211.0,0
45N07W02,10.349,3.703,713.0,2
45N09W06,152.62604166666665,13.617791666666664,21.0,1
45N09W07,141.43172,12.63526,27.14,1
45N09W09,28.34,0.573,53.0,0
45N09W10,28.34,0.573,53.0,0
45N09W13,5.324,2.044,79.0,0
45N09W15,28.34,0.573,53.0,0
45N09W16,18.994,1.1925,381.5,2
45N09W17,64.46478260869566,7.322608695652173,68.65217391304348,0
45N09W18,124.25428947368422,10.965026315789471,26.894736842105264,1
45N09W20,93.048,8.486,423.0,1
45N10W01,157.89898437499997,14.408249999999997,40.515625,1
45N10W02,98.9039795918367,8.997408163265307,62.44897959183673,1
45N10W03,54.4235,12.018,57.166666666666664,1
45N10W08,3.273,1.254,51.0,0
45N10W09,61.357,10.549,61.0,1
45N10W10,81.69833333333332,12.8672,59.06666666666667,1
45N10W11,33.49342857142857,6.084142857142857,65.14285714285714,0
45N10W12,105.6329705882353,10.572441176470589,76.88235294117646,1
45N10W13,116.33704166666668,10.953000000000001,45.708333333333336,1
45N10W17,97.921,11.219999999999999,64.5,1
45N10W20,74.92212500000001,8.49525,246.25,1
45N10W21,5.9255,0.321,791.5,2
45N10W33,17.02,5.036,605.0,2
45N10W34,17.02,5.036,605.0,2
45N11W03,90.7825,12.129999999999999,54.0,1
45N11W04,192.16150000000002,20.680333333333333,52.166666666666664,1
45N11W05,90.069,14.582,56.0,1
45N11W07,92.355,11.929,56.0,1
45N11W08,20.3625,3.561,54.0,0
45N11W09,48.899,4.086,626.0,2
45N11W10,105.60691666666666,11.05075,88.33333333333333,1
45N11W11,58.14539130434782,6.820782608695654,339.0,0
45N11W12,3.421666666666667,3.470333333333333,750.3333333333334,2
45N11W13,3.421666666666667,3.470333333333333,750.3333333333334,2
45N11W14,99.259,9.662727272727274,278.09090909090907,1
45N11W15,135.198,11.984875000000002,101.0,1
45N11W16,54.466333333333324,6.84788888888889,228.77777777777777,0
45N11W17,41.791000000000004,6.972071428571427,251.92857142857142,0
45N11W18,61.61433333333334,8.038333333333334,985.0,2
45N11W19,44.141866666666665,9.597000000000001,377.6666666666667,2
45N11W20,53.888999999999996,9.013249999999998,253.75,0
45N11W21,119.06714285714285,11.791428571428572,152.85714285714286,1
45N11W23,13.571,1.894,37.0,0
45N11W24,23.472,1.559,38.0,0
45N11W25,121.5775,17.6615,58.5,1
45N11W26,13.571,1.894,37.0,0
45N11W28,122.968875,13.75125,133.5,1
45N11W29,46.202,8.482555555555555,356.1111111111111,0
45N11W30,33.41745,8.201150000000002,425.35,2
45N11W31,19.53676470588235,6.374176470588235,448.94117647058823,2
45N11W32,38.538,8.5775,39.0,0
45N11W33,58.27066666666667,9.634333333333332,39.333333333333336,1
45N11W34,38.951,4.619,48.0,0
45N12W12,51.1685,7.283,614.75,2
45N12W13,105.10214285714288,14.517857142857142,87.38095238095238,1
45N12W14,0.757,5.066,627.0,2
45N12W15,0.757,5.066,627.0,2
45N12W19,49.96071428571429,10.060999999999998,134.0,1
45N12W20,27.222700000000003,7.261150000000001,284.25,0
45N12W21,86.512875,9.96875,150.0,1
45N12W22,0.757,5.066,627.0,2
45N12W23,18.560000000000002,12.07975,198.75,0
45N12W24,67.04166666666667,10.449714285714286,262.8333333333333,1
45N12W25,112.26414285714284,12.94657142857143,61.42857142857143,1
45N12W26,103.24300000000001,10.585571428571429,159.14285714285714,1
45N12W27,15.009,5.391,751.0,2
45N12W28,59.01368749999999,9.030625,286.5625,0
45N12W29,31.958857142857145,8.0235,280.2142857142857,0
45N12W30,38.422700000000006,8.375799999999998,287.6,0
45N12W33,83.315,9.673,54.5,1
45N12W34,74.62910526315791,9.758210526315787,218.94736842105263,1
45N12W35,103.36338095238096,12.764999999999997,157.28571428571428,1
45N12W36,130.25185714285715,11.870428571428572,153.85714285714286,1
46N01E01,87.17414814814813,11.074555555555557,24.40740740740741,1
46N01E02,115.6858888888889,11.535864197530868,20.395061728395063,1
46N01E03,120.02717948717948,10.254051282051284,104.35897435897436,1
46N01E05,72.8883043478261,12.089739130434783,17.956521739130434,1
46N01E06,83.83914285714286,11.51817142857143,38.22857142857143,1
46N01E07,47.79599999999999,10.488000000000003,327.4,0
46N01E08,85.8416,13.0773,41.9,1
46N01E09,85.37295833333333,9.530208333333333,129.75,1
46N01E10,34.79749999999999,6.716083333333334,406.3333333333333,2
46N01E11,52.383799999999994,9.511000000000001,31.4,1
46N01E12,56.27799999999999,9.957,30.333333333333332,1
46N01E15,11.629,14.883,59.0,0
46N01E16,101.29223529411763,10.984176470588237,53.470588235294116,1
46N01E17,59.0415,14.4595,21.25,1
46N01E18,16.9226,4.5678,633.2,2
46N01E19,31.655666666666672,2.4626666666666663,97.0,0
46N01E20,59.0415,14.4595,21.25,1
46N01E21,50.948,12.5698,136.6,1
46N01E22,18.574,5.011,598.0,2
46N01E28,7.359,3.554,42.0,0
46N01E29,7.359,2.0044999999999997,145.0,0
46N01E30,6.121333333333332,1.2706666666666668,759.3333333333334,2
46N01E31,129.414,11.351999999999999,54.166666666666664,1
46N01E32,129.414,11.351999999999999,54.166666666666664,1
46N01E33,36.09433333333333,5.8790000000000004,54.0,0
46N01E34,20.31855555555556,5.047333333333333,44.44444444444444,0
46N01E35,18.76328571428571,5.068,236.0,0
46N01E36,27.1325,4.965999999999999,368.0,2
46N01W01,41.488,8.557,33.0,0
46N01W02,127.17405000000001,11.712250000000001,25.0,1
46N01W03,62.987909090909085,9.57909090909091,136.27272727272728,1
46N01W04,179.140064516129,12.192161290322579,62.193548387096776,1
46N01W05,137.03772727272724,11.857909090909091,24.227272727272727,1
46N01W06,115.10650000000003,12.558,31.166666666666668,1
46N01W07,2.283,3.86,645.0,2
46N01W08,58.353500000000004,7.7215,339.0,0
46N01W10,46.80159999999999,8.7424,36.2,0
46N01W11,85.00363636363635,11.064136363636363,22.977272727272727,1
46N01W12,36.605,6.882666666666666,424.0,2
46N01W13,27.796111111111106,1.8115555555555558,194.22222222222223,0
46N01W14,78.34299999999999,5.986304347826087,45.34782608695652,1
46N01W15,66.1636,9.083200000000001,41.0,1
46N01W20,159.7152,13.1262,56.0,1
46N01W21,66.30377777777778,8.43088888888889,97.05555555555556,1
46N01W22,184.27816666666664,16.933888888888887,19.833333333333332,1
46N01W23,70.40154545454544,8.532272727272726,45.45454545454545,1
46N01W24,32.80057142857142,0.9562857142857141,71.57142857142857,0
46N01W25,82.813,5.933,61.0,1
46N01W26,131.31099999999998,11.242600000000001,22.8,1
46N01W27,58.635400000000004,10.674400000000002,20.2,1
46N01W28,66.30377777777778,8.43088888888889,97.05555555555556,1
46N01W29,130.3594285714286,12.444714285714285,55.142857142857146,1
46N01W33,68.56085714285715,10.605999999999998,88.42857142857143,1
46N01W34,67.55133333333333,9.825000000000001,353.0,1
46N01W35,17.708,3.834,820.0,2
46N01W36,31.1985,5.059749999999999,439.0,2
46N02E04,81.1808,8.7148,62.4,1
46N02E05,103.08016666666667,12.951,167.16666666666666,1
46N02E08,133.9065,15.3525,47.5,1
46N02E09,19.515,5.335500000000001,332.0,0
46N02E15,6.743499999999999,1.5205000000000002,40.0,0
46N02E25,83.9625,16.384,52.5,1
46N02E26,83.9625,16.384,52.5,1
46N02E28,14.611,5.803999999999999,1003.0,2
46N02E31,26.107,2.664,684.0,2
46N02E35,83.9625,16.384,52.5,1
46N02E36,37.7084,8.3196,394.6,2
46N02W01,74.20974999999997,11.550233333333331,24.316666666666666,1
46N02W02,86.4791153846154,10.10580769230769,22.423076923076923,1
46N02W03,84.51579310344829,10.465103448275864,24.82758620689655,1
46N02W04,124.60328787878784,12.158424242424248,23.28787878787879,1
46N02W05,125.55529729729723,10.807108108108112,22.135135135135137,1
46N02W06,118.54264285714285,10.73007142857143,29.928571428571427,1
46N02W07,141.9586666666667,11.168333333333331,24.833333333333332,1
46N02W08,120.29076595744675,11.420361702127659,22.80851063829787,1
46N02W09,123.18033333333332,11.979757575757574,22.90909090909091,1
46N02W11,61.987,11.337,17.0,1
46N02W14,106.026,9.704666666666666,26.333333333333332,1
46N02W15,73.55133333333333,10.687666666666667,21.333333333333332,1
46N02W16,71.24745454545456,10.271454545454548,24.363636363636363,1
46N02W17,69.477,10.211727272727275,24.363636363636363,1
46N02W20,17.108,19.929,25.0,1
46N02W21,40.6625,15.633499999999998,20.5,1
46N02W22,73.55133333333333,10.687666666666667,21.333333333333332,1
46N02W23,106.026,9.704666666666666,26.333333333333332,1
46N03W01,60.439,11.346,32.0,1
46N03W12,60.439,11.346,32.0,1
46N03W13,188.41,5.945,49.0,1
46N03W14,73.046,11.076,44.0,1
46N03W23,73.046,11.076,44.0,1
46N03W25,44.605,5.191,56.0,0
46N03W26,44.605,5.191,56.0,0
46N03W35,44.605,5.191,56.0,0
46N03W36,44.605,5.191,56.0,0
46N04W20,18.708,11.767,40.0,0
46N04W29,74.15666666666667,11.285666666666666,48.0,1
46N05W18,154.71833333333333,19.331333333333333,47.333333333333336,1
46N05W19,145.032,11.747,56.0,1
46N05W28,9.354,4.21,637.0,2
46N05W29,9.354,4.21,637.0,2
46N05W32,9.354,4.21,637.0,2
46N05W33,9.354,4.21,637.0,2
46N06W02,8.892,0.306,43.0,0
46N06W26,159.483,13.3826,57.0,1
46N06W27,159.483,13.3826,57.0,1
46N06W34,159.483,13.3826,57.0,1
46N06W35,159.483,13.3826,57.0,1
46N07W10,5.099,0.628,64.0,0
46N07W16,3.082,1.779,696.0,2
46N07W35,10.349,3.703,713.0,2
46N09W31,10.233454545454546,0.8766363636363637,41.72727272727273,0
46N10W01,94.36992857142857,14.09035714285714,53.785714285714285,1
46N10W02,88.08673684210527,13.824473684210524,50.10526315789474,1
46N10W03,299.105,7.586,71.0,1
46N10W11,105.763,11.497,15.0,1
46N10W12,61.234,6.25,19.5,0
46N10W13,102.07333333333334,14.549333333333331,20.333333333333332,1
46N10W14,102.07333333333334,14.549333333333331,20.333333333333332,1
46N10W23,49.323750000000004,5.81475,31.25,0
46N10W24,60.76,7.321000000000001,30.0,0
46N10W25,85.36923456790124,7.706481481481484,31.753086419753085,1
46N10W26,108.21995041322317,8.529586776859505,40.429752066115704,1
46N10W27,54.2975,7.4437500000000005,25.625,0
46N10W35,119.98037735849054,8.812603773584904,129.54716981132074,1
46N10W36,102.14920238095237,10.304369047619048,27.083333333333332,1
46N11W31,43.61449999999999,5.97825,470.5,2
46N11W32,18.470333333333333,4.758666666666667,688.0,2
46N11W33,155.9083333333333,15.505555555555556,55.44444444444444,1
46N12W31,25.619,0.412,646.0,2
46N12W32,25.619,0.412,646.0,2
46N12W35,34.149,3.968,757.0,2
47N01E01,34.83809090909091,11.539181818181818,207.1818181818182,0
47N01E02,38.194125,24.440250000000002,35.375,1
47N01E04,54.52279310344828,7.216724137931035,26.79310344827586,0
47N01E05,112.08181683168314,25.232495049504944,23.163366336633665,1
47N01E06,116.59578773584906,11.714900943396234,26.358490566037737,1
47N01E07,120.34303960396039,12.107075907590763,27.006600660066006,1
47N01E08,121.55248095238098,12.842680952380956,26.214285714285715,1
47N01E09,104.9578442622951,10.958926229508196,25.450819672131146,1
47N01E10,203.66596153846154,10.987884615384615,141.3846153846154,1
47N01E11,206.8464,10.9378,37.8,1
47N01E12,11.621,12.502,63.0,0
47N01E15,113.03876315789469,12.636078947368423,21.18421052631579,1
47N01E16,121.19579611650481,15.000339805825245,23.359223300970875,1
47N01E17,159.45927067669183,17.564781954887227,23.406015037593985,1
47N01E18,102.28519108280254,13.572101910828026,25.85987261146497,1
47N01E19,119.63836507936509,13.740412698412696,19.952380952380953,1
47N01E20,183.55451200000002,18.554104000000002,21.008,1
47N01E21,176.4778205128205,18.7591923076923,21.794871794871796,1
47N01E22,98.24955421686748,11.661867469879518,24.59036144578313,1
47N01E23,117.45048000000003,11.273599999999997,20.52,1
47N01E25,7.558,2.498,608.0,2
47N01E26,106.97573469387753,11.538612244897962,20.510204081632654,1
47N01E27,114.03038709677419,11.775032258064519,22.677419354838708,1
47N01E28,108.14011111111111,11.600444444444443,31.88888888888889,1
47N01E29,93.54699999999997,10.180307692307691,18.846153846153847,1
47N01E30,105.38005882352942,13.325823529411766,18.764705882352942,1
47N01E31,102.8825625,12.40728125,19.84375,1
47N01E32,77.36373333333336,11.186766666666664,19.066666666666666,1
47N01E33,75.85085714285715,10.223857142857144,22.0,1
47N01E34,126.65050000000001,12.264749999999996,19.4,1
47N01E35,115.89462666666664,13.049026666666665,20.44,1
47N01E36,4.564,2.898,57.0,0
47N01W01,90.54317741935486,11.497177419354841,30.983870967741936,1
47N01W02,49.736,6.0409999999999995,344.5,0
47N01W09,98.93592537313437,11.71219402985075,21.955223880597014,1
47N01W10,115.72384567901243,13.18301234567902,21.987654320987655,1
47N01W11,121.14091803278693,11.950032786885249,21.28688524590164,1
47N01W12,80.25094202898549,10.952942028985506,28.72463768115942,1
47N01W13,100.212288,16.582944,23.424,1
47N01W14,130.928303030303,13.12490909090909,24.333333333333332,1
47N01W15,110.62316666666663,11.712142857142855,25.095238095238095,1
47N01W16,109.20288059701487,11.888850746268657,21.955223880597014,1
47N01W17,60.30226666666667,7.995466666666667,102.66666666666667,0
47N01W22,101.96288888888887,11.28177777777778,97.37037037037037,1
47N01W23,113.73352032520327,12.409634146341462,24.10569105691057,1
47N01W24,116.72149152542372,14.569025423728815,21.966101694915253,1
47N01W25,169.2164,13.0214,17.6,1
47N01W26,115.23309090909089,12.709181818181817,18.272727272727273,1
47N01W27,106.72874999999999,13.540083333333333,20.833333333333332,1
47N01W28,94.42950000000002,10.380666666666668,22.666666666666668,1
47N01W29,54.59635294117646,10.255352941176472,213.41176470588235,1
47N01W30,109.46542857142857,12.543142857142856,56.57142857142857,1
47N01W31,116.8318285714286,12.360342857142854,35.82857142857143,1
47N01W32,160.90722222222223,13.947333333333333,27.074074074074073,1
47N01W33,214.6374,13.982499999999995,23.466666666666665,1
47N01W34,98.99437499999999,11.00625,20.375,1
47N01W35,84.56325,10.8311875,28.0625,1
47N01W36,79.07759999999999,11.1692,32.8,1
47N02E02,72.24155555555555,9.395222222222223,396.1111111111111,1
47N02E03,151.487,16.317500000000003,60.0,1
47N02E05,17.627,4.527,675.0,2
47N02E06,30.86,4.3415,349.0,0
47N02E08,109.319,9.993,52.0,1
47N02E09,109.319,9.993,52.0,1
47N02E10,123.6106,14.051000000000002,183.0,1
47N02E11,151.487,16.317500000000003,60.0,1
47N02E16,88.58644444444445,11.399999999999999,112.88888888888889,1
47N02E17,80.96818181818182,10.387272727272729,101.54545454545455,1
47N02E18,51.92187499999999,8.269875,223.25,0
47N02E19,51.92187499999999,8.269875,223.25,0
47N02E20,55.56,6.7375,52.75,0
47N02E21,209.271,16.113,38.0,1
47N02E29,64.434,7.645,55.0,0
47N02E30,7.558,2.498,608.0,2
47N02E31,20.763,3.1265,435.0,2
47N02E32,74.512,13.108,50.0,1
47N02E33,186.823,7.92,54.0,1
47N02W18,2.591,0.92,21.0,0
47N02W19,118.53245454545454,27.30263636363636,24.09090909090909,1
47N02W25,67.23242857142857,9.375285714285715,36.714285714285715,1
47N02W26,64.053,10.753,15.8,1
47N02W29,118.5790217391304,11.401195652173914,22.782608695652176,1
47N02W30,186.185875,12.72825,19.5,1
47N02W31,30.536149999999992,6.97715,40.55,0
47N02W32,153.0294583333333,11.56370833333333,20.791666666666668,1
47N02W33,115.3281176470588,11.678,27.705882352941178,1
47N02W34,142.08811999999998,14.719499999999998,22.78,1
47N02W35,85.22451785714289,10.523910714285716,21.178571428571427,1
47N02W36,88.32034374999999,11.417203124999999,25.046875,1
47N03W09,138.21575,10.92125,22.0,1
47N03W10,104.32950000000001,9.6085,125.66666666666667,1
47N03W11,149.05928,14.435440000000007,20.96,1
47N03W12,150.9445,14.762,19.5,1
47N03W13,171.31104545454548,17.56022727272727,24.022727272727273,1
47N03W14,175.14499999999998,20.581166666666668,22.666666666666668,1
47N03W24,165.3911707317073,14.011146341463414,24.29268292682927,1
47N04W20,77.441,3.491,57.0,0
47N04W29,77.441,3.491,57.0,0
47N06W11,171.158,14.148,57.0,1
47N06W34,107.3125,10.950875,58.625,1
47N06W35,87.6284,8.8219,55.5,1
47N08W04,14.08,0.244,60.0,0
47N10W06,13.644,8.844666666666667,442.3333333333333,2
47N10W18,86.224,14.566,89.0,1
47N10W25,57.237,5.757,19.0,0
47N10W26,57.237,5.757,19.0,0
47N10W31,145.5922,14.3406,56.8,1
47N10W34,299.105,7.586,71.0,1
47N10W35,104.02716666666667,11.382083333333332,42.708333333333336,1
47N10W36,109.83057142857143,11.887809523809523,45.904761904761905,1
47N11W17,154.252,17.172,57.0,1
47N11W20,154.252,17.172,57.0,1
47N12W16,136.824,7.863,55.0,1
48N02E20,81.33757142857142,7.536928571428571,202.92857142857142,1
48N02E21,3.312,0.146,93.0,0
48N02E25,46.344125,6.909624999999999,324.875,0
48N02E26,185.33355555555556,62.44122222222222,90.0,1
48N02E27,83.721,7.446,24.0,1
48N02E28,111.727,13.754875,56.875,1
48N02E29,94.4375,8.7265,227.66666666666666,1
48N02E30,63.581999999999994,7.741285714285714,287.85714285714283,0
48N02E31,44.092999999999996,4.156,23.0,0
48N02E35,41.4778,7.2358,175.8,0
48N02E36,81.10249999999999,10.45,124.0,1
48N06W15,67.39133333333334,5.574000000000001,56.666666666666664,0
48N06W31,83.958,9.151,55.0,1
48N06W32,83.958,9.151,55.0,1
48N08W07,114.13533333333334,17.008,51.666666666666664,1
48N08W08,114.13533333333334,17.008,51.666666666666664,1
48N08W31,233.5,5.866,47.0,1
48N08W33,76.96946666666665,11.664933333333334,59.46666666666667,1
48N08W34,113.36749999999999,14.513499999999999,59.75,1
48N09W13,25.538,3.758,681.0,2
48N09W36,233.5,5.866,47.0,1
48N10W08,34.91266666666667,4.493333333333333,58.333333333333336,0
48N10W31,23.5,22.397,60.0,1
49N06W22,50.26233333333334,9.844333333333333,56.0,1
49N07W03,0.055,0.023,155.0,0
49N07W04,180.56127272727272,17.755,71.45454545454545,1
49N07W05,210.288,17.678285714285714,61.0,1
49N07W08,210.288,17.678285714285714,61.0,1
49N07W09,198.6119,19.5282,63.1,1
49N07W29,42.0106,5.4194,339.8,0
49N07W32,92.787,12.9015,58.5,1
49N07W33,57.951,13.477,57.0,1
49N09W15,49.868,18.992,57.0,1
49N09W22,49.868,18.992,57.0,1
49N10W03,8.57,4.705,658.0,2
49N10W10,8.57,4.705,658.0,2
49N11W01,76.30460000000001,10.7762,96.6,1
49N11W11,21.351,3.56,710.0,2
49N12W01,172.01,17.334,52.0,1
50N06W01,140.191,13.924,57.0,1
50N06W27,3.713,12.394,62.0,0
50N06W30,30.949,4.052,710.0,2
50N08W01,11.247,3.614,638.0,2
50N08W12,11.247,3.614,638.0,2
50N08W19,40.947399999999995,8.5422,387.8,2
50N08W20,27.731,17.381,57.0,1
50N08W21,27.731,17.381,57.0,1
50N08W28,27.731,17.381,57.0,1
50N08W29,27.731,17.381,57.0,1
50N09W23,36.858,2.228,643.0,2
50N09W24,40.265833333333326,7.489833333333333,430.3333333333333,2
50N09W25,36.858,2.228,643.0,2
50N09W26,36.858,2.228,643.0,2
50N12W32,7.042,1.058,22.0,0
51N05W31,204.4842857142857,19.82542857142857,54.142857142857146,1
51N06W36,140.191,13.924,57.0,1
